/*MEDICOS*/
INSERT INTO MEDICO (cedula,p_nombre,s_nombre,p_apellido,s_apellido) VALUES (3241492,'Arnaldo','Luis','Capriles','Hullet');
INSERT INTO MEDICO (cedula,p_nombre,s_nombre,p_apellido) VALUES (3154766,'Maria','Cristina','Di Prisco');
INSERT INTO MEDICO (p_nombre,p_apellido,s_apellido) VALUES ('Maria','Sanchez','Figuera');
INSERT INTO MEDICO (p_nombre,s_nombre,p_apellido,s_apellido) VALUES ('Carmen','Abelirda','Perez','Boutto');
INSERT INTO MEDICO (p_nombre,p_apellido,s_apellido) VALUES ('Carolina','Reyes','Salas');
INSERT INTO MEDICO (p_nombre,p_apellido,s_apellido) VALUES ('Demetrio','Morales','Valero');
INSERT INTO MEDICO (p_nombre,p_apellido,s_apellido) VALUES ('Jose','Butto','Estanga');
INSERT INTO MEDICO (p_nombre,s_nombre,p_apellido,s_apellido) VALUES ('Rossana','del Carmen','Gil','Infante');
INSERT INTO MEDICO (p_nombre,s_nombre,p_apellido,s_apellido) VALUES ('Juan','Alfonso','Mendez','Rodriguez');
INSERT INTO MEDICO (cedula,p_nombre,s_nombre,p_apellido,s_apellido) VALUES (20975977,'Andrea','Elena','Gueli','Vera');
INSERT INTO MEDICO (cedula,p_nombre,s_nombre,p_apellido,s_apellido) VALUES (11338476,'Maria','Alejandra','Tamayo','Castillo');
INSERT INTO MEDICO (cedula,p_nombre,s_nombre,p_apellido,s_apellido) VALUES (4432697,'Jose','Lorenzo','Teran','Fernadez');
INSERT INTO MEDICO (cedula,p_nombre,s_nombre,p_apellido,s_apellido) VALUES (7909636,'Gladys','Yoleiba','Perez','Padilla');
INSERT INTO MEDICO (cedula,p_nombre,p_apellido,s_apellido) VALUES (6082119,'Karlheinz','Boetticher','Hammitzsch');
INSERT INTO MEDICO (cedula,p_nombre,p_apellido,s_apellido) VALUES (14486829,'Luisiana','Curiel','Damiani');
INSERT INTO MEDICO (cedula,p_nombre,s_nombre,p_apellido,s_apellido) VALUES (4841960,'Nelson','Arturo','Medina','Padron');
INSERT INTO MEDICO (cedula,p_nombre,s_nombre,p_apellido,s_apellido) VALUES (3337068,'Nassim','Miguel','Tata','Saldivia');
INSERT INTO MEDICO (cedula,p_nombre,s_nombre,p_apellido,s_apellido) VALUES (19354332,'Eduardo','jose','Alliegro','Mendez');
INSERT INTO MEDICO (cedula,p_nombre,s_nombre,p_apellido,s_apellido) VALUES (3659381,'Brenda','M','Hutton','M');
INSERT INTO MEDICO (cedula,p_nombre,s_nombre,p_apellido,s_apellido) VALUES (6872440,'Carlos','Julio','Montilva','Peñalver');
INSERT INTO MEDICO (cedula,p_nombre,p_apellido,s_apellido) VALUES (7319562,'Maria','Silva','Caravedo');
INSERT INTO MEDICO (cedula,p_nombre,s_nombre,p_apellido,s_apellido) VALUES (11936430,'Aliz','Isabel','Amohedo','Carrero');
INSERT INTO MEDICO (cedula,p_nombre,s_nombre,p_apellido,s_apellido) VALUES (14213339,'Carlos','Jose','Bracho','Bello');
INSERT INTO MEDICO (cedula,p_nombre,s_nombre,p_apellido,s_apellido) VALUES (14484638,'Claudio','Andres','Correa','Serbia');
INSERT INTO MEDICO (cedula,p_nombre,p_apellido,s_apellido) VALUES (2135864,'Adolfredo','Damas','Rojas');
INSERT INTO MEDICO (cedula,p_nombre,s_nombre,p_apellido,s_apellido) VALUES (15166047,'Eleonel','Enrique','Fariñas','Puente');
INSERT INTO MEDICO (cedula,p_nombre,s_nombre,p_apellido,s_apellido) VALUES (13951779,'Yohelina','Berbelin','Fernandez','Plasencia');
INSERT INTO MEDICO (cedula,p_nombre,p_apellido,s_apellido) VALUES (13459060,'Gustavo','Lopez','Medrano');
INSERT INTO MEDICO (cedula,p_nombre,p_apellido,s_apellido) VALUES (12872744,'Mario','Mazzei','Serrano');
INSERT INTO MEDICO (cedula,p_nombre,s_nombre,p_apellido,s_apellido) VALUES (5432594,'Jose','Antonio','Medina','Bereciartu');
INSERT INTO MEDICO (cedula,p_nombre,s_nombre,p_apellido,s_apellido) VALUES (6730570,'Ciro','Enrique','Mendoza','Llovera');
INSERT INTO MEDICO (cedula,p_nombre,p_apellido,s_apellido) VALUES (19398311,'Alexander','Sanabria','Torres');
INSERT INTO MEDICO (cedula,p_nombre,s_nombre,p_apellido,s_apellido) VALUES (5566048,'Zoraida','Margarita','Hernandez','De Godoy');
INSERT INTO MEDICO (cedula,p_nombre,s_nombre,p_apellido,s_apellido) VALUES (6358098,'Edgar','Jose','Martinez','Coronel');
INSERT INTO MEDICO (cedula,p_nombre,s_nombre,p_apellido,s_apellido) VALUES (12591530,'Andres','Alonso','Ruiz','Guijarro');
INSERT INTO MEDICO (p_nombre,s_nombre,p_apellido,s_apellido) VALUES ('Alberto','Enrique','Ruiz','Chang');
INSERT INTO MEDICO (cedula,p_nombre,s_nombre,p_apellido,s_apellido) VALUES (15583526,'Jhenson','Enrique','Sifuentes','Alarcon');
INSERT INTO MEDICO (cedula,p_nombre,s_nombre,p_apellido,s_apellido) VALUES (7171714,'Armando','Antonio','Pineda','Fernandez');
INSERT INTO MEDICO (cedula,p_nombre,s_nombre,p_apellido,s_apellido) VALUES (7372447,'Luis','Alejandro','Flores','Gimenez');
INSERT INTO MEDICO (cedula,p_nombre,p_apellido) VALUES (15665979,'Beatriz','Chacin');
INSERT INTO MEDICO (cedula,p_nombre,p_apellido,s_apellido) VALUES (16034568,'Liliana','De La Fuente','Delgado');
INSERT INTO MEDICO (cedula,p_nombre,s_nombre,p_apellido,s_apellido) VALUES (18476911,'Juan','Antonio','Herrera','Mejias');
INSERT INTO MEDICO (cedula,p_nombre,s_nombre,p_apellido,s_apellido) VALUES (13944116,'Tito','Agustin','Barraez','Masroua');
INSERT INTO MEDICO (p_nombre,s_nombre,p_apellido,s_apellido) VALUES ('Janett','Daniela','Barrios','Peñalver');
INSERT INTO MEDICO (cedula,p_nombre,s_nombre,p_apellido,s_apellido) VALUES (6248424,'Belkis','Amelia','Blanco','Gimenez');
INSERT INTO MEDICO (cedula,p_nombre,s_nombre,p_apellido,s_apellido) VALUES (5542786,'Nidia','Marisol','Cirelli','Blanco');
INSERT INTO MEDICO (p_nombre,s_nombre,p_apellido,s_apellido) VALUES ('Diana','Carolina','Simone','Duplat');
INSERT INTO MEDICO (p_nombre,s_nombre,p_apellido,s_apellido) VALUES ('Nahum','Coromoto','Alvarado','Bernal');
INSERT INTO MEDICO (cedula,p_nombre,p_apellido) VALUES (13801453,'Gabriel','Barrozo');
INSERT INTO MEDICO (cedula,p_nombre,s_nombre,p_apellido,s_apellido) VALUES (6809706,'Adriana','Josefina','Solorzano','S');
INSERT INTO MEDICO (cedula,p_nombre,s_nombre,p_apellido,s_apellido) VALUES (26217692,'Merylin','Michell','Ascanio','Milano');
INSERT INTO MEDICO (cedula,p_nombre,s_nombre,p_apellido,s_apellido) VALUES (20652349,'Valeria','Lucia','Bruces','Perez');
INSERT INTO MEDICO (cedula,p_nombre,s_nombre,p_apellido,s_apellido) VALUES (13615919,'Yolimar','Lourdes','Changir','Garcia');
INSERT INTO MEDICO (cedula,p_nombre,s_nombre,p_apellido,s_apellido) VALUES (13144399,'Yaidelis','Carolina','Diaz','Gonzales');
INSERT INTO MEDICO (cedula,p_nombre,s_nombre,p_apellido,s_apellido) VALUES (9098238,'Yna','Minerva','Garcia','Blanco');
INSERT INTO MEDICO (cedula,p_nombre,s_nombre,p_apellido,s_apellido) VALUES (11159273,'Jhonny','Alexander','Guerrero','Guerrero');
INSERT INTO MEDICO (cedula,p_nombre,s_nombre,p_apellido,s_apellido) VALUES (8838424,'Gema','Josefina','Suarez','Tata');
INSERT INTO MEDICO (cedula,p_nombre,s_nombre,p_apellido,s_apellido) VALUES (5602102,'Maria','Milagros','Lopez','Boyer');
INSERT INTO MEDICO (cedula,p_nombre,p_apellido,s_apellido) VALUES (12670480,'Maria','Giron','Alvarez');
INSERT INTO MEDICO (cedula,p_nombre,s_nombre,p_apellido,s_apellido) VALUES (7920442,'Miriam','Carolina','Raimundi','Green');
INSERT INTO MEDICO (p_nombre,p_apellido) VALUES ('Yulimar','Villarroel');
INSERT INTO MEDICO (p_nombre,s_nombre,p_apellido,s_apellido) VALUES ('Silvia','Fatima','Benitez','Vergara');
INSERT INTO MEDICO (p_nombre,s_nombre,p_apellido,s_apellido) VALUES ('Aurea','Gabriela','Vasquez','Estrella');
INSERT INTO MEDICO (cedula,p_nombre,s_nombre,p_apellido,s_apellido) VALUES (6297003,'Dhynora','Ivette','Castellanos','Peña');
INSERT INTO MEDICO (cedula,p_nombre,s_nombre,p_apellido,s_apellido) VALUES (7465060,'Marina','Stella','Garcia','Serra');
INSERT INTO MEDICO (cedula,p_nombre,s_nombre,p_apellido) VALUES (6825993,'Bethzabet','Del Carmen','Arocha');
INSERT INTO MEDICO (cedula,p_nombre,s_nombre,p_apellido,s_apellido) VALUES (8751847,'Alfredo','Jose','Gonzales','Barrera');
INSERT INTO MEDICO (p_nombre,s_nombre,p_apellido,s_apellido) VALUES ('Mery','Yrani','Moretti','Loreto');
INSERT INTO MEDICO (cedula,p_nombre,s_nombre,p_apellido,s_apellido) VALUES (10905872,'Hector','Jose','Reyes','Hermoso');
INSERT INTO MEDICO (cedula,p_nombre,p_apellido,s_apellido) VALUES (4118067,'Rebeca','Sabo','Steinmetz');
INSERT INTO MEDICO (cedula,p_nombre,s_nombre,p_apellido,s_apellido) VALUES (3183040,'Carlos','Manuel','Zabala','Viggiani');
INSERT INTO MEDICO (cedula,p_nombre,s_nombre,p_apellido,s_apellido) VALUES (11732737,'Jasnell','Sofia','Cedeño','Baez');
INSERT INTO MEDICO (cedula,p_nombre,p_apellido,s_apellido) VALUES (19807921,'Angely','Sebayo','Yrausquin');
INSERT INTO MEDICO (p_nombre,s_nombre,p_apellido,s_apellido) VALUES ('Sanny','Nohely','Alvarado','Hernandez');
INSERT INTO MEDICO (cedula,p_nombre,s_nombre,p_apellido,s_apellido) VALUES (5597004,'Miriam','Yajaira','Hurtado','Castillo');
INSERT INTO MEDICO (cedula,p_nombre,s_nombre,p_apellido,s_apellido) VALUES (3659162,'Olga','Yocasta','Castillo','Hernandez');
INSERT INTO MEDICO (cedula,p_nombre,s_nombre,p_apellido,s_apellido) VALUES (4165354,'Felix','Segundo','Vasquez','Crespo');
INSERT INTO MEDICO (cedula,p_nombre,p_apellido,s_apellido) VALUES (2642637,'Manuel','Alvarado','Repilloza');
INSERT INTO MEDICO (cedula,p_nombre,s_nombre,p_apellido,s_apellido) VALUES (13715054,'Alexis','Manuel','Berrocal','Arellano');
INSERT INTO MEDICO (cedula,p_nombre,s_nombre,p_apellido,s_apellido) VALUES (8499570,'Franklin','Jose','Ferrer','Arabia');
INSERT INTO MEDICO (cedula,p_nombre,s_nombre,p_apellido,s_apellido) VALUES (13711008,'Neris','Mariela','Guerra','Guerra');
INSERT INTO MEDICO (cedula,p_nombre,s_nombre,p_apellido,s_apellido) VALUES (12339056,'Carmen','Rosiri','Huerfano','Ortiz');
INSERT INTO MEDICO (p_nombre,p_apellido) VALUES ('Julio','Rodriguez');
INSERT INTO MEDICO (cedula,p_nombre,s_nombre,p_apellido,s_apellido) VALUES (16687416,'Miguel','Angel','Romero','Castillo');
INSERT INTO MEDICO (p_nombre,s_nombre,p_apellido,s_apellido) VALUES ('Rafael','Eduardo','Rojas','Ortega');
INSERT INTO MEDICO (cedula,p_nombre,p_apellido,s_apellido) VALUES (2916688,'Ingrid','Soto','De Sanabria');
INSERT INTO MEDICO (cedula,p_nombre,p_apellido) VALUES (11405158,'Adriana','Zambrano');
INSERT INTO MEDICO (cedula,p_nombre,p_apellido,s_apellido) VALUES (12411852,'Antonieta','Abatantuono','Lattarulo');
INSERT INTO MEDICO (p_nombre,s_nombre,p_apellido,s_apellido) VALUES ('Daniela','Sofia','Figueroa','Quintana');
INSERT INTO MEDICO (cedula,p_nombre,s_nombre,p_apellido,s_apellido) VALUES (13338835,'Rosa','Maria','Soto','Peinado');
INSERT INTO MEDICO (cedula,p_nombre,s_nombre,p_apellido,s_apellido) VALUES (1716283,'Gabriel','Alejandro','Zambrano','Blondell');
INSERT INTO MEDICO (cedula,p_nombre,s_nombre,p_apellido,s_apellido) VALUES (14552889,'Meli','Coromoto','Conde','Ramos');
INSERT INTO MEDICO (cedula,p_nombre,s_nombre,p_apellido,s_apellido) VALUES (17388080,'Rosa','Gabriela','Rondon','Rodriguez');
INSERT INTO MEDICO (cedula,p_nombre,s_nombre,p_apellido,s_apellido) VALUES (13826298,'Roberto','Jose','Sakkal','Deirkaspar');
INSERT INTO MEDICO (cedula,p_nombre,s_nombre,p_apellido,s_apellido) VALUES (6455540,'Belkis','M','Rodriguez','De Galarraga');
INSERT INTO MEDICO (p_nombre,p_apellido,s_apellido) VALUES ('Pedro','Debess','Yamuni');
INSERT INTO MEDICO (cedula,p_nombre,s_nombre,p_apellido,s_apellido) VALUES (5596432,'Viagnery','Del Valle','Marcano','Gonzales');
INSERT INTO MEDICO (cedula,p_nombre,p_apellido,s_apellido) VALUES (7557574,'Cesar','Gimenez','Gonzales');
INSERT INTO MEDICO (cedula,p_nombre,s_nombre,p_apellido,s_apellido) VALUES (14121947,'Mercedes','Virginia','Andrade','Castro');
INSERT INTO MEDICO (cedula,p_nombre,s_nombre,p_apellido,s_apellido) VALUES (18492439,'Andrea','Lucia','Diaz','Diaz');
INSERT INTO MEDICO (cedula,p_nombre,p_apellido) VALUES (6878163,'Tatiana','Hernandez');
INSERT INTO MEDICO (cedula,p_nombre,s_nombre,p_apellido,s_apellido) VALUES (13878613,'Fanny','Medina','Medina','Guerra');
INSERT INTO MEDICO (cedula,p_nombre,s_nombre,p_apellido,s_apellido) VALUES (3782467,'Consuelo','Beatriz','Paredes','Colmenares');
INSERT INTO MEDICO (cedula,p_nombre,s_nombre,p_apellido,s_apellido) VALUES (9782339,'Juan','Carlos','Rodriguez','Hernandez');
INSERT INTO MEDICO (p_nombre,s_nombre,p_apellido,s_apellido) VALUES ('Gladys','Beatriz','Marin','Martinez');
INSERT INTO MEDICO (cedula,p_nombre,s_nombre,p_apellido,s_apellido) VALUES (6005985,'Ana','Rosa','Fino','Quintero');
INSERT INTO MEDICO (cedula,p_nombre,s_nombre,p_apellido,s_apellido) VALUES (5218389,'Vivian','Carolina','Ozal','De Reveron');
INSERT INTO MEDICO (p_nombre,s_nombre,p_apellido,s_apellido) VALUES ('Nelson','Daniel','Olmos','Anselmi');
INSERT INTO MEDICO (p_nombre,s_nombre,p_apellido,s_apellido) VALUES ('Veronica','Cecilia','Perez','Hurtado');
INSERT INTO MEDICO (cedula,p_nombre,p_apellido) VALUES (9880201,'Irene','Troconis');
INSERT INTO MEDICO (cedula,p_nombre,s_nombre,p_apellido,s_apellido) VALUES (6507549,'Maria','Liliana','Moros','Leon');
INSERT INTO MEDICO (p_nombre,s_nombre,p_apellido,s_apellido) VALUES ('Leticia','Josefina','Gañango','Tovar');
INSERT INTO MEDICO (cedula,p_nombre,s_nombre,p_apellido,s_apellido) VALUES (4165128,'Nelly','Rosario','Rodriguez','Sosa');
INSERT INTO MEDICO (cedula,p_nombre,p_apellido,s_apellido) VALUES (3630739,'Sonia','Rios','Flores');
INSERT INTO MEDICO (cedula,p_nombre,s_nombre,p_apellido,s_apellido) VALUES (4882582,'Josefina','Del Valle','Vivias','Masrua');
INSERT INTO MEDICO (cedula,p_nombre,s_nombre,p_apellido,s_apellido) VALUES (7002842,'Danilo','Jesus','Martinez','Araujo');
INSERT INTO MEDICO (cedula,p_nombre,s_nombre,p_apellido,s_apellido) VALUES (5311577,'Beatriz','Del Valle','Cabrera','Valdivieso');
INSERT INTO MEDICO (cedula,p_nombre,s_nombre,p_apellido,s_apellido) VALUES (6846425,'Nancy','Carolina','Salazar','Figueroa');
INSERT INTO MEDICO (cedula,p_nombre,s_nombre,p_apellido) VALUES (10350776,'Yalehna','Abilahoud','Castro');
INSERT INTO MEDICO (cedula,p_nombre,s_nombre,p_apellido,s_apellido) VALUES (11671701,'Patricia','Agustina','Davila','Bolivar');
INSERT INTO MEDICO (cedula,p_nombre,p_apellido) VALUES (5596811,'Rebeca','De Ripoll');
INSERT INTO MEDICO (cedula,p_nombre,p_apellido,s_apellido) VALUES (20802846,'Dayana','Pita','Goncalves');
INSERT INTO MEDICO (cedula,p_nombre,s_nombre,p_apellido,s_apellido) VALUES (4773830,'Eugenia','B','Villamor','P');
INSERT INTO MEDICO (cedula,p_nombre,s_nombre,t_nombre,p_apellido,s_apellido) VALUES (11231267,'Jorge','Enrique','Jose','Moanack','Urbano');
INSERT INTO MEDICO (cedula,p_nombre,s_nombre,p_apellido,s_apellido) VALUES (16891845,'Simon','Nicolas','Paz','Ivanov');
INSERT INTO MEDICO (cedula,p_nombre,p_apellido,s_apellido) VALUES (9209122,'Belixa','Paz','Rincon');
INSERT INTO MEDICO (cedula,p_nombre,s_nombre,p_apellido,s_apellido) VALUES (18294920,'Jose','Agustin','Rodriguez','Blanco');

/*TELEFONOS*/

INSERT INTO TELEFONO (telefono,medico_id) VALUES ('0414-070759',1);
INSERT INTO TELEFONO (telefono,medico_id) VALUES ('0212-309979',1);
INSERT INTO TELEFONO (telefono,medico_id) VALUES ('0416-254550',2);
INSERT INTO TELEFONO (telefono,medico_id) VALUES ('0212-511981',2);
INSERT INTO TELEFONO (telefono,medico_id) VALUES ('0212-932524',10);
INSERT INTO TELEFONO (telefono,medico_id) VALUES ('0424-206863',10);
INSERT INTO TELEFONO (telefono,medico_id) VALUES ('0212-140654',11);
INSERT INTO TELEFONO (telefono,medico_id) VALUES ('0426-194949',11);
INSERT INTO TELEFONO (telefono,medico_id) VALUES ('0212-538674',12);
INSERT INTO TELEFONO (telefono,medico_id) VALUES ('0412-139940',12);
INSERT INTO TELEFONO (telefono,medico_id) VALUES ('0424-838936',12);
INSERT INTO TELEFONO (telefono,medico_id) VALUES ('0414-347119',13);
INSERT INTO TELEFONO (telefono,medico_id) VALUES ('0212-797638',13);
INSERT INTO TELEFONO (telefono,medico_id) VALUES ('0424-337313',14);
INSERT INTO TELEFONO (telefono,medico_id) VALUES ('0212-754750',14);
INSERT INTO TELEFONO (telefono,medico_id) VALUES ('0416-142044',15);
INSERT INTO TELEFONO (telefono,medico_id) VALUES ('0212-631516',15);
INSERT INTO TELEFONO (telefono,medico_id) VALUES ('0212-706878',16);
INSERT INTO TELEFONO (telefono,medico_id) VALUES ('0412-800569',16);
INSERT INTO TELEFONO (telefono,medico_id) VALUES ('0414-264104',17);
INSERT INTO TELEFONO (telefono,medico_id) VALUES ('0416-120900',18);
INSERT INTO TELEFONO (telefono,medico_id) VALUES ('0212-860183',19);
INSERT INTO TELEFONO (telefono,medico_id) VALUES ('0416-238051',19);
INSERT INTO TELEFONO (telefono,medico_id) VALUES ('0212-799995',20);
INSERT INTO TELEFONO (telefono,medico_id) VALUES ('0414-022660',20);
INSERT INTO TELEFONO (telefono,medico_id) VALUES ('0212-766147',20);
INSERT INTO TELEFONO (telefono,medico_id) VALUES ('0424-522661',21);
INSERT INTO TELEFONO (telefono,medico_id) VALUES ('0416-212886',21);
INSERT INTO TELEFONO (telefono,medico_id) VALUES ('0212-424039',22);
INSERT INTO TELEFONO (telefono,medico_id) VALUES ('0412-931270',22);
INSERT INTO TELEFONO (telefono,medico_id) VALUES ('0416-368300',23);
INSERT INTO TELEFONO (telefono,medico_id) VALUES ('0414-376001',23);
INSERT INTO TELEFONO (telefono,medico_id) VALUES ('0212-853629',23);
INSERT INTO TELEFONO (telefono,medico_id) VALUES ('0212-765114',24);
INSERT INTO TELEFONO (telefono,medico_id) VALUES ('0414-858891',24);
INSERT INTO TELEFONO (telefono,medico_id) VALUES ('0414-106851',25);
INSERT INTO TELEFONO (telefono,medico_id) VALUES ('0212-411306',25);
INSERT INTO TELEFONO (telefono,medico_id) VALUES ('0426-046573',26);
INSERT INTO TELEFONO (telefono,medico_id) VALUES ('0412-774526',27);
INSERT INTO TELEFONO (telefono,medico_id) VALUES ('0414-161533',27);
INSERT INTO TELEFONO (telefono,medico_id) VALUES ('0212-244713',27);
INSERT INTO TELEFONO (telefono,medico_id) VALUES ('0212-386687',28);
INSERT INTO TELEFONO (telefono,medico_id) VALUES ('0424-105048',28);
INSERT INTO TELEFONO (telefono,medico_id) VALUES ('0414-023411',29);
INSERT INTO TELEFONO (telefono,medico_id) VALUES ('0412-985673',30);
INSERT INTO TELEFONO (telefono,medico_id) VALUES ('0212-121968',30);
INSERT INTO TELEFONO (telefono,medico_id) VALUES ('0212-518375',30);
INSERT INTO TELEFONO (telefono,medico_id) VALUES ('0414-556721',31);
INSERT INTO TELEFONO (telefono,medico_id) VALUES ('0212-742876',31);
INSERT INTO TELEFONO (telefono,medico_id) VALUES ('0416-034394',32);
INSERT INTO TELEFONO (telefono,medico_id) VALUES ('0212-635527',33);
INSERT INTO TELEFONO (telefono,medico_id) VALUES ('0416-277096',33);
INSERT INTO TELEFONO (telefono,medico_id) VALUES ('0414-113890',33);
INSERT INTO TELEFONO (telefono,medico_id) VALUES ('0212-310904',34);
INSERT INTO TELEFONO (telefono,medico_id) VALUES ('0416-257339',34);
INSERT INTO TELEFONO (telefono,medico_id) VALUES ('0212-938217',35);
INSERT INTO TELEFONO (telefono,medico_id) VALUES ('0426-111308',35);
INSERT INTO TELEFONO (telefono,medico_id) VALUES ('0426-187114',35);
INSERT INTO TELEFONO (telefono,medico_id) VALUES ('0424-515902',37);
INSERT INTO TELEFONO (telefono,medico_id) VALUES ('0414-359206',39);
INSERT INTO TELEFONO (telefono,medico_id) VALUES ('0416-282129',40);
INSERT INTO TELEFONO (telefono,medico_id) VALUES ('0414-278626',40);
INSERT INTO TELEFONO (telefono,medico_id) VALUES ('0212-935168',40);
INSERT INTO TELEFONO (telefono,medico_id) VALUES ('0426-130963',41);
INSERT INTO TELEFONO (telefono,medico_id) VALUES ('0414-521788',41);
INSERT INTO TELEFONO (telefono,medico_id) VALUES ('0212-631120',41);
INSERT INTO TELEFONO (telefono,medico_id) VALUES ('0414-179021',42);
INSERT INTO TELEFONO (telefono,medico_id) VALUES ('0212-861405',42);
INSERT INTO TELEFONO (telefono,medico_id) VALUES ('0416-305036',43);
INSERT INTO TELEFONO (telefono,medico_id) VALUES ('0212-413612',43);
INSERT INTO TELEFONO (telefono,medico_id) VALUES ('0212-447142',45);
INSERT INTO TELEFONO (telefono,medico_id) VALUES ('0412-648164',45);
INSERT INTO TELEFONO (telefono,medico_id) VALUES ('0424-555163',45);
INSERT INTO TELEFONO (telefono,medico_id) VALUES ('0212-121968',46);
INSERT INTO TELEFONO (telefono,medico_id) VALUES ('0414-316425',46);
INSERT INTO TELEFONO (telefono,medico_id) VALUES ('0412-291629',46);
INSERT INTO TELEFONO (telefono,medico_id) VALUES ('0416-276354',47);
INSERT INTO TELEFONO (telefono,medico_id) VALUES ('0212-710462',47);
INSERT INTO TELEFONO (telefono,medico_id) VALUES ('0414-113201',48);
INSERT INTO TELEFONO (telefono,medico_id) VALUES ('0414-129713',49);
INSERT INTO TELEFONO (telefono,medico_id) VALUES ('0412-571894',50);
INSERT INTO TELEFONO (telefono,medico_id) VALUES ('0416-055596',50);
INSERT INTO TELEFONO (telefono,medico_id) VALUES ('0414-843696',51);
INSERT INTO TELEFONO (telefono,medico_id) VALUES ('0212-514662',51);
INSERT INTO TELEFONO (telefono,medico_id) VALUES ('0424-319587',52);
INSERT INTO TELEFONO (telefono,medico_id) VALUES ('0414-824890',53);
INSERT INTO TELEFONO (telefono,medico_id) VALUES ('0212-768026',53);
INSERT INTO TELEFONO (telefono,medico_id) VALUES ('0416-188108',54);
INSERT INTO TELEFONO (telefono,medico_id) VALUES ('0212-715006',54);
INSERT INTO TELEFONO (telefono,medico_id) VALUES ('0416-102178',55);
INSERT INTO TELEFONO (telefono,medico_id) VALUES ('0212-711378',55);
INSERT INTO TELEFONO (telefono,medico_id) VALUES ('0426-074146',56);
INSERT INTO TELEFONO (telefono,medico_id) VALUES ('0416-227596',56);
INSERT INTO TELEFONO (telefono,medico_id) VALUES ('0212-715006',56);
INSERT INTO TELEFONO (telefono,medico_id) VALUES ('0412-295289',57);
INSERT INTO TELEFONO (telefono,medico_id) VALUES ('0212-762135',57);
INSERT INTO TELEFONO (telefono,medico_id) VALUES ('0416-125953',58);
INSERT INTO TELEFONO (telefono,medico_id) VALUES ('0212-9925251',58);
INSERT INTO TELEFONO (telefono,medico_id) VALUES ('0414-668428',59);
INSERT INTO TELEFONO (telefono,medico_id) VALUES ('0416-084687',59);
INSERT INTO TELEFONO (telefono,medico_id) VALUES ('0212-424012',59);
INSERT INTO TELEFONO (telefono,medico_id) VALUES ('0212-752259',60);
INSERT INTO TELEFONO (telefono,medico_id) VALUES ('0414-795749',60);
INSERT INTO TELEFONO (telefono,medico_id) VALUES ('0414-781155',61);
INSERT INTO TELEFONO (telefono,medico_id) VALUES ('0416-397090',64);
INSERT INTO TELEFONO (telefono,medico_id) VALUES ('0416-140018',64);
INSERT INTO TELEFONO (telefono,medico_id) VALUES ('0412-316942',65);
INSERT INTO TELEFONO (telefono,medico_id) VALUES ('0212-759386',65);
INSERT INTO TELEFONO (telefono,medico_id) VALUES ('0212-949876',66);
INSERT INTO TELEFONO (telefono,medico_id) VALUES ('0416-008696',66);
INSERT INTO TELEFONO (telefono,medico_id) VALUES ('0212-865979',67);
INSERT INTO TELEFONO (telefono,medico_id) VALUES ('0414-418183',67);
INSERT INTO TELEFONO (telefono,medico_id) VALUES ('0212-754154',68);
INSERT INTO TELEFONO (telefono,medico_id) VALUES ('0416-371203',68);
INSERT INTO TELEFONO (telefono,medico_id) VALUES ('0212-783219',69);
INSERT INTO TELEFONO (telefono,medico_id) VALUES ('0416-326735',69);
INSERT INTO TELEFONO (telefono,medico_id) VALUES ('0414-797601',69);
INSERT INTO TELEFONO (telefono,medico_id) VALUES ('0212-086357',70);
INSERT INTO TELEFONO (telefono,medico_id) VALUES ('0212-761937',70);
INSERT INTO TELEFONO (telefono,medico_id) VALUES ('0414-291000',70);
INSERT INTO TELEFONO (telefono,medico_id) VALUES ('0212-410400',71);
INSERT INTO TELEFONO (telefono,medico_id) VALUES ('0412-324980',71);
INSERT INTO TELEFONO (telefono,medico_id) VALUES ('0212-303621',72);
INSERT INTO TELEFONO (telefono,medico_id) VALUES ('0414-509815',72);
INSERT INTO TELEFONO (telefono,medico_id) VALUES ('0416-216433',72);
INSERT INTO TELEFONO (telefono,medico_id) VALUES ('0424-052377',73);
INSERT INTO TELEFONO (telefono,medico_id) VALUES ('0414-920046',73);
INSERT INTO TELEFONO (telefono,medico_id) VALUES ('0424-341843',74);
INSERT INTO TELEFONO (telefono,medico_id) VALUES ('0416-110392',74);
INSERT INTO TELEFONO (telefono,medico_id) VALUES ('0416-4173297',75);
INSERT INTO TELEFONO (telefono,medico_id) VALUES ('0412-241189',75);
INSERT INTO TELEFONO (telefono,medico_id) VALUES ('0212-827803',75);
INSERT INTO TELEFONO (telefono,medico_id) VALUES ('0416-352146',76);
INSERT INTO TELEFONO (telefono,medico_id) VALUES ('0212-070811',76);
INSERT INTO TELEFONO (telefono,medico_id) VALUES ('0212-516243',77);
INSERT INTO TELEFONO (telefono,medico_id) VALUES ('0426-180922',77);
INSERT INTO TELEFONO (telefono,medico_id) VALUES ('0414-211053',78);
INSERT INTO TELEFONO (telefono,medico_id) VALUES ('0212-770497',78);
INSERT INTO TELEFONO (telefono,medico_id) VALUES ('0412-962266',79);
INSERT INTO TELEFONO (telefono,medico_id) VALUES ('0414-930190',80);
INSERT INTO TELEFONO (telefono,medico_id) VALUES ('0212-441397',81);
INSERT INTO TELEFONO (telefono,medico_id) VALUES ('0426-891971',81);
INSERT INTO TELEFONO (telefono,medico_id) VALUES ('0414-978749',82);
INSERT INTO TELEFONO (telefono,medico_id) VALUES ('0412-746867',82);
INSERT INTO TELEFONO (telefono,medico_id) VALUES ('0412-480242',84);
INSERT INTO TELEFONO (telefono,medico_id) VALUES ('0212-528927',84);
INSERT INTO TELEFONO (telefono,medico_id) VALUES ('0414-169156',86);
INSERT INTO TELEFONO (telefono,medico_id) VALUES ('0212-871827',86);
INSERT INTO TELEFONO (telefono,medico_id) VALUES ('0424-190330',87);
INSERT INTO TELEFONO (telefono,medico_id) VALUES ('0212-626643',88);
INSERT INTO TELEFONO (telefono,medico_id) VALUES ('0412-054257',88);
INSERT INTO TELEFONO (telefono,medico_id) VALUES ('0212-612814',88);
INSERT INTO TELEFONO (telefono,medico_id) VALUES ('0212-780942',89);
INSERT INTO TELEFONO (telefono,medico_id) VALUES ('0424-377300',89);
INSERT INTO TELEFONO (telefono,medico_id) VALUES ('0212-935093',90);
INSERT INTO TELEFONO (telefono,medico_id) VALUES ('0426-574074',90);
INSERT INTO TELEFONO (telefono,medico_id) VALUES ('0412-364248',91);
INSERT INTO TELEFONO (telefono,medico_id) VALUES ('0212-335631',91);
INSERT INTO TELEFONO (telefono,medico_id) VALUES ('0424-169183',92);
INSERT INTO TELEFONO (telefono,medico_id) VALUES ('0414-040046',92);
INSERT INTO TELEFONO (telefono,medico_id) VALUES ('0212-665186',92);
INSERT INTO TELEFONO (telefono,medico_id) VALUES ('0424-725996',93);
INSERT INTO TELEFONO (telefono,medico_id) VALUES ('0212-725209',93);
INSERT INTO TELEFONO (telefono,medico_id) VALUES ('0212-565834',94);
INSERT INTO TELEFONO (telefono,medico_id) VALUES ('0414-622400',94);
INSERT INTO TELEFONO (telefono,medico_id) VALUES ('0414-291511',95);
INSERT INTO TELEFONO (telefono,medico_id) VALUES ('0212-619536',95);
INSERT INTO TELEFONO (telefono,medico_id) VALUES ('0212-846568',95);
INSERT INTO TELEFONO (telefono,medico_id) VALUES ('0414-244650',96);
INSERT INTO TELEFONO (telefono,medico_id) VALUES ('0416-286943',97);
INSERT INTO TELEFONO (telefono,medico_id) VALUES ('0212-713847',97);
INSERT INTO TELEFONO (telefono,medico_id) VALUES ('0412-693697',98);
INSERT INTO TELEFONO (telefono,medico_id) VALUES ('0424-121053',98);
INSERT INTO TELEFONO (telefono,medico_id) VALUES ('0412-176726',99);
INSERT INTO TELEFONO (telefono,medico_id) VALUES ('0424-814884',99);
INSERT INTO TELEFONO (telefono,medico_id) VALUES ('0212-773045',99);
INSERT INTO TELEFONO (telefono,medico_id) VALUES ('0416-113737',100);
INSERT INTO TELEFONO (telefono,medico_id) VALUES ('0212-751054',100);
INSERT INTO TELEFONO (telefono,medico_id) VALUES ('0414-886195',101);
INSERT INTO TELEFONO (telefono,medico_id) VALUES ('0212-861185',101);
INSERT INTO TELEFONO (telefono,medico_id) VALUES ('0414-889279',102);
INSERT INTO TELEFONO (telefono,medico_id) VALUES ('0212-938004',102);
INSERT INTO TELEFONO (telefono,medico_id) VALUES ('0416-356667',103);
INSERT INTO TELEFONO (telefono,medico_id) VALUES ('0212-767738',104);
INSERT INTO TELEFONO (telefono,medico_id) VALUES ('0212-522152',104);
INSERT INTO TELEFONO (telefono,medico_id) VALUES ('0416-398333',104);
INSERT INTO TELEFONO (telefono,medico_id) VALUES ('0416-238333',104);
INSERT INTO TELEFONO (telefono,medico_id) VALUES ('0212-877908',106);
INSERT INTO TELEFONO (telefono,medico_id) VALUES ('0416-236889',106);
INSERT INTO TELEFONO (telefono,medico_id) VALUES ('0412-003740',106);
INSERT INTO TELEFONO (telefono,medico_id) VALUES ('0414-042587',107);
INSERT INTO TELEFONO (telefono,medico_id) VALUES ('0212-455272',107);
INSERT INTO TELEFONO (telefono,medico_id) VALUES ('0424-019239',110);
INSERT INTO TELEFONO (telefono,medico_id) VALUES ('0212-756696',111);
INSERT INTO TELEFONO (telefono,medico_id) VALUES ('0414-620999',111);
INSERT INTO TELEFONO (telefono,medico_id) VALUES ('0212-620136',112);
INSERT INTO TELEFONO (telefono,medico_id) VALUES ('0414-060860',112);
INSERT INTO TELEFONO (telefono,medico_id) VALUES ('0212-756696',113);
INSERT INTO TELEFONO (telefono,medico_id) VALUES ('0414-061944',113);
INSERT INTO TELEFONO (telefono,medico_id) VALUES ('0414-378589',114);
INSERT INTO TELEFONO (telefono,medico_id) VALUES ('0414-802201',115);
INSERT INTO TELEFONO (telefono,medico_id) VALUES ('0212-564971',115);
INSERT INTO TELEFONO (telefono,medico_id) VALUES ('0414-252330',116);
INSERT INTO TELEFONO (telefono,medico_id) VALUES ('0212-763763',117);
INSERT INTO TELEFONO (telefono,medico_id) VALUES ('0414-256598',117);
INSERT INTO TELEFONO (telefono,medico_id) VALUES ('0212-763166',118);
INSERT INTO TELEFONO (telefono,medico_id) VALUES ('0414-060985',118);
INSERT INTO TELEFONO (telefono,medico_id) VALUES ('0212-628980',119);
INSERT INTO TELEFONO (telefono,medico_id) VALUES ('0416-013715',119);
INSERT INTO TELEFONO (telefono,medico_id) VALUES ('0414-074285',119);
INSERT INTO TELEFONO (telefono,medico_id) VALUES ('0412-912818',120);
INSERT INTO TELEFONO (telefono,medico_id) VALUES ('0212-512792',120);
INSERT INTO TELEFONO (telefono,medico_id) VALUES ('0212-430831',121);
INSERT INTO TELEFONO (telefono,medico_id) VALUES ('0414-304534',121);
INSERT INTO TELEFONO (telefono,medico_id) VALUES ('0412-987071',122);
INSERT INTO TELEFONO (telefono,medico_id) VALUES ('0412-960018',123);
INSERT INTO TELEFONO (telefono,medico_id) VALUES ('0414-260046',124);
INSERT INTO TELEFONO (telefono,medico_id) VALUES ('0424-674685',125);
INSERT INTO TELEFONO (telefono,medico_id) VALUES ('0212-616003',125);
INSERT INTO TELEFONO (telefono,medico_id) VALUES ('0212-314106',126);
INSERT INTO TELEFONO (telefono,medico_id) VALUES ('0416-923760',126);
INSERT INTO TELEFONO (telefono,medico_id) VALUES ('0424-529768',127);

/*CORREOS*/

INSERT INTO CORREO(correo,medico_id) VALUES ('arnaldocap@gmail.com',1);
INSERT INTO CORREO(correo,medico_id) VALUES ('andrelena@hotmail.com',10);
INSERT INTO CORREO(correo,medico_id) VALUES ('matc71@yahooo.com',11);
INSERT INTO CORREO(correo,medico_id) VALUES ('joselterf@gmail.com',12);
INSERT INTO CORREO(correo,medico_id) VALUES ('gladysperezpadilla@gmail.com',13);
INSERT INTO CORREO(correo,medico_id) VALUES ('khboetticher@makler.com.ve',14);
INSERT INTO CORREO(correo,medico_id) VALUES ('luisanacuriel@hotmail.com',15);
INSERT INTO CORREO(correo,medico_id) VALUES ('nmedinap_md@yahoo.com',16);
INSERT INTO CORREO(correo,medico_id) VALUES ('ntata.felac2009@hotmail.com',17);
INSERT INTO CORREO(correo,medico_id) VALUES ('eduardoalliegro@gmail.com',18);
INSERT INTO CORREO(correo,medico_id) VALUES ('bhuttonm@cantv.net',19);
INSERT INTO CORREO(correo,medico_id) VALUES ('carlosjmontilva@hotmail.com',20);
INSERT INTO CORREO(correo,medico_id) VALUES ('chabucasc@hotmail.com',21);
INSERT INTO CORREO(correo,medico_id) VALUES ('alizamoedo@hotmail.com',22);
INSERT INTO CORREO(correo,medico_id) VALUES ('brachocj@hotmail.com',23);
INSERT INTO CORREO(correo,medico_id) VALUES ('brachocj@gmail.com',23);
INSERT INTO CORREO(correo,medico_id) VALUES ('claudioacs@hotmail.com',24);
INSERT INTO CORREO(correo,medico_id) VALUES ('adolfredodamas@hotmail.com',25);
INSERT INTO CORREO(correo,medico_id) VALUES ('eleonel@hotmail.com',26);
INSERT INTO CORREO(correo,medico_id) VALUES ('yohelinafer@gmail.com',27);
INSERT INTO CORREO(correo,medico_id) VALUES ('galm_1@hotmail.com',28);
INSERT INTO CORREO(correo,medico_id) VALUES ('drmaz6@gmail.com',29);
INSERT INTO CORREO(correo,medico_id) VALUES ('jamb28@hotmail.com',30);
INSERT INTO CORREO(correo,medico_id) VALUES ('ciromendozallovera@hotmail.com',31);
INSERT INTO CORREO(correo,medico_id) VALUES ('alexsanato@hotmail.com',32);
INSERT INTO CORREO(correo,medico_id) VALUES ('doctorawed2009@hotmail.com',33);
INSERT INTO CORREO(correo,medico_id) VALUES (' martinezedgar@cantv.net',34);
INSERT INTO CORREO(correo,medico_id) VALUES ('dr.andresruizg@mail.com',35);
INSERT INTO CORREO(correo,medico_id) VALUES ('jhensoncolumna@gmail.com',37);
INSERT INTO CORREO(correo,medico_id) VALUES ('jheson23@hotmail.com',37);
INSERT INTO CORREO(correo,medico_id) VALUES ('morocho11@hotmail.com',39);
INSERT INTO CORREO(correo,medico_id) VALUES ('bechacin@gmail.com',40);
INSERT INTO CORREO(correo,medico_id) VALUES ('lilianafd@gmail.com',41);
INSERT INTO CORREO(correo,medico_id) VALUES ('dr.juanherrera@yahoo.com',42);
INSERT INTO CORREO(correo,medico_id) VALUES ('belkisblancog@cantv.net',45);
INSERT INTO CORREO(correo,medico_id) VALUES ('solcirelli@yahoo.es',46);
INSERT INTO CORREO(correo,medico_id) VALUES ('dianacarolas@hotmail.com',47);
INSERT INTO CORREO(correo,medico_id) VALUES ('nahum.ab@hotmail.com',48);
INSERT INTO CORREO(correo,medico_id) VALUES ('gabo_ba64hotmail.com',49);
INSERT INTO CORREO(correo,medico_id) VALUES ('adriss@cantv.net',50);
INSERT INTO CORREO(correo,medico_id) VALUES ('merylinascanio@gmail.com',51);
INSERT INTO CORREO(correo,medico_id) VALUES ('valeriabrucesft@gmail.com',52);
INSERT INTO CORREO(correo,medico_id) VALUES ('changiryolimar@gmail.com',53);
INSERT INTO CORREO(correo,medico_id) VALUES ('yaideliscdiaz@hotmail.com',54);
INSERT INTO CORREO(correo,medico_id) VALUES ('ynatenea@hotmail.com',55);
INSERT INTO CORREO(correo,medico_id) VALUES ('jhonnyguerrero2027@gmail.com',56);
INSERT INTO CORREO(correo,medico_id) VALUES ('gemajsuareztata@hotmail.com',57);
INSERT INTO CORREO(correo,medico_id) VALUES ('milmary5@hotmail.com',58);
INSERT INTO CORREO(correo,medico_id) VALUES ('m_eugenia77@hotmail.com',59);
INSERT INTO CORREO(correo,medico_id) VALUES ('carolinaraimondi@hotmail.com',60);
INSERT INTO CORREO(correo,medico_id) VALUES ('yulimel2@gmail.com',61);
INSERT INTO CORREO(correo,medico_id) VALUES ('dhynorac@yahoo.com',64);
INSERT INTO CORREO(correo,medico_id) VALUES ('marinastellagarcia@yahoo.com',65);
INSERT INTO CORREO(correo,medico_id) VALUES ('mariacristinadi@gmail.com',2);
INSERT INTO CORREO(correo,medico_id) VALUES ('mdiprisco@movistar.net.ve',2);
INSERT INTO CORREO(correo,medico_id) VALUES ('bethsarocha@gmail.com',66);
INSERT INTO CORREO(correo,medico_id) VALUES ('alfbar65@yahoo.com',67);
INSERT INTO CORREO(correo,medico_id) VALUES ('merymoretti@hotmail.com',68);
INSERT INTO CORREO(correo,medico_id) VALUES ('drhectorreyes@yahoo.com',69);
INSERT INTO CORREO(correo,medico_id) VALUES ('rsabo.geriatra@gmail.com',70);
INSERT INTO CORREO(correo,medico_id) VALUES ('carlosmanuelzabala25@gmail.com',71);
INSERT INTO CORREO(correo,medico_id) VALUES ('nefrologopediatra@hotmail.com',72);
INSERT INTO CORREO(correo,medico_id) VALUES ('angelysebayo83@gmail.com',73);
INSERT INTO CORREO(correo,medico_id) VALUES ('sannynohely@hotmail.com',74);
INSERT INTO CORREO(correo,medico_id) VALUES ('nirita2011@gmail.com',75);
INSERT INTO CORREO(correo,medico_id) VALUES ('yocastacastillo@yahoo.com',76);
INSERT INTO CORREO(correo,medico_id) VALUES ('felix2.vasquez@gmail.com',77);
INSERT INTO CORREO(correo,medico_id) VALUES ('2349ma@cantv.net',78);
INSERT INTO CORREO(correo,medico_id) VALUES ('alexismanuel22@hotmail.com',79);
INSERT INTO CORREO(correo,medico_id) VALUES ('ferrerfrank@hotmail.com',80);
INSERT INTO CORREO(correo,medico_id) VALUES ('nerisguevara@hotmail.com',81);
INSERT INTO CORREO(correo,medico_id) VALUES ('crosirihoiv@hotmail.com',82);
INSERT INTO CORREO(correo,medico_id) VALUES ('jrodriguezwulff@hotmail.com',83);
INSERT INTO CORREO(correo,medico_id) VALUES ('migasyrocas@gmail.com',84);
INSERT INTO CORREO(correo,medico_id) VALUES ('insosan@yahoo.com',86);
INSERT INTO CORREO(correo,medico_id) VALUES ('nutricion@hsjdd.org.ve',87);
INSERT INTO CORREO(correo,medico_id) VALUES ('nelita75@hotmail.com',88);
INSERT INTO CORREO(correo,medico_id) VALUES ('daniodont@yahoo.com',89);
INSERT INTO CORREO(correo,medico_id) VALUES ('danielita3885@hotmail.com',89);
INSERT INTO CORREO(correo,medico_id) VALUES ('rosasotop@gmail.com',90);
INSERT INTO CORREO(correo,medico_id) VALUES ('gazblondell@gmail.com',91);
INSERT INTO CORREO(correo,medico_id) VALUES ('ramosmeli@hotmail.com ',92);
INSERT INTO CORREO(correo,medico_id) VALUES ('condemeli@gmail.com',92);
INSERT INTO CORREO(correo,medico_id) VALUES ('rgrondonr@gmail.com',93);
INSERT INTO CORREO(correo,medico_id) VALUES ('robertosakkal@hotmail.com',94);
INSERT INTO CORREO(correo,medico_id) VALUES ('belkisgalarraga@yahoo.com',95);
INSERT INTO CORREO(correo,medico_id) VALUES ('pdebess@gmail.com',96);
INSERT INTO CORREO(correo,medico_id) VALUES ('vaignerymarcano@hotmail.com',97);
INSERT INTO CORREO(correo,medico_id) VALUES ('cesargimenezg@gmail.com',98);
INSERT INTO CORREO(correo,medico_id) VALUES ('mercedesvandradec@gmail.com',99);
INSERT INTO CORREO(correo,medico_id) VALUES ('andreadiazorl@gmail.com',100);
INSERT INTO CORREO(correo,medico_id) VALUES ('tatyhu@hotmail.com',101);
INSERT INTO CORREO(correo,medico_id) VALUES ('fannybeatrizorl@yahoo.com.ve',102);
INSERT INTO CORREO(correo,medico_id) VALUES ('consuepapa@hotmail.com',103);
INSERT INTO CORREO(correo,medico_id) VALUES ('jcrodriguezh@gmail.com',104);
INSERT INTO CORREO(correo,medico_id) VALUES ('jrodriguezh@hotmail.com',104);
INSERT INTO CORREO(correo,medico_id) VALUES ('anrofiqui@hotmail.com',106);
INSERT INTO CORREO(correo,medico_id) VALUES ('vivianozal.vo@gmail.com',107);
INSERT INTO CORREO(correo,medico_id) VALUES ('verophurtado@gmail.com',109);
INSERT INTO CORREO(correo,medico_id) VALUES ('irenestroconis50@gmail.com',110);
INSERT INTO CORREO(correo,medico_id) VALUES ('lilimoros@gmail.com',111);
INSERT INTO CORREO(correo,medico_id) VALUES ('letig1tovar@yahoo.com',112);
INSERT INTO CORREO(correo,medico_id) VALUES ('nellroso@hotmail.com',113);
INSERT INTO CORREO(correo,medico_id) VALUES ('soniagrf@hotmail.com',114);
INSERT INTO CORREO(correo,medico_id) VALUES ('josefinavivas@gmail.com',115);
INSERT INTO CORREO(correo,medico_id) VALUES ('djmartinezaraujo@gmail.com',116);
INSERT INTO CORREO(correo,medico_id) VALUES ('belatrizcabrera@hotmail.com',117);
INSERT INTO CORREO(correo,medico_id) VALUES ('chikitadas@hotmail.com',118);
INSERT INTO CORREO(correo,medico_id) VALUES ('hechizo@yahoo.com',118);
INSERT INTO CORREO(correo,medico_id) VALUES ('yalehna@gmail.com',119);
INSERT INTO CORREO(correo,medico_id) VALUES ('patydavila19@hotmail.com',120);
INSERT INTO CORREO(correo,medico_id) VALUES ('rebecad_ve@yahoo.com',121);
INSERT INTO CORREO(correo,medico_id) VALUES ('rebecaripoll@cantv.net',121);
INSERT INTO CORREO(correo,medico_id) VALUES ('rebecad_ve@yahoo.com',121);
INSERT INTO CORREO(correo,medico_id) VALUES ('dayanapita20@hotmail.com',122);
INSERT INTO CORREO(correo,medico_id) VALUES ('tbarraez@hotmail.com',43);
INSERT INTO CORREO(correo,medico_id) VALUES ('jemaoanack@gmail.com',124);
INSERT INTO CORREO(correo,medico_id) VALUES ('simonpazivanov@gmail.com',125);
INSERT INTO CORREO(correo,medico_id) VALUES ('belixap@gmail.com',126);
INSERT INTO CORREO(correo,medico_id) VALUES ('josearb666@hotmail.com',127);

/*PISO*/
INSERT INTO PISO(piso) VALUES ('Planta Baja');
INSERT INTO PISO(piso,numero) VALUES('Piso',1);
INSERT INTO PISO(piso,numero) VALUES('Sotano',1);

/*DIA*/
INSERT INTO DIA(dia) VALUES('Lunes');
INSERT INTO DIA(dia) VALUES('Martes');
INSERT INTO DIA(dia) VALUES('Miercoles');
INSERT INTO DIA(dia) VALUES('Jueves');
INSERT INTO DIA(dia) VALUES('Viernes');
INSERT INTO DIA(dia) VALUES('Sabado');
INSERT INTO DIA(dia) VALUES('Domingo');

/*CONSULTORIO*/
INSERT INTO CONSULTORIO(numero,referencia,piso_id) VALUES('Servicio de Oncologia','frente a Medicina Fisica',1);
INSERT INTO CONSULTORIO(numero,piso_id) VALUES('Medicina Fisica',1);
INSERT INTO CONSULTORIO(numero,piso_id) VALUES('101',1);
INSERT INTO CONSULTORIO(numero,piso_id) VALUES('102',1);
INSERT INTO CONSULTORIO(numero,piso_id) VALUES('106',1);
INSERT INTO CONSULTORIO(numero,piso_id) VALUES('107',1);
INSERT INTO CONSULTORIO(numero,referencia,piso_id) VALUES('108','frente a Central de Citas',1);
INSERT INTO CONSULTORIO(numero,piso_id) VALUES('111',1);
INSERT INTO CONSULTORIO(numero,piso_id) VALUES('113',1);
INSERT INTO CONSULTORIO(numero,piso_id) VALUES('114',1);
INSERT INTO CONSULTORIO(numero,piso_id) VALUES('115',1);
INSERT INTO CONSULTORIO(numero,piso_id) VALUES('Odontologia',2);
INSERT INTO CONSULTORIO(numero,piso_id) VALUES('P1',2);
INSERT INTO CONSULTORIO(numero,piso_id) VALUES('201',2);
INSERT INTO CONSULTORIO(numero,piso_id) VALUES('204',2);
INSERT INTO CONSULTORIO(numero,piso_id) VALUES('205',2);
INSERT INTO CONSULTORIO(numero,piso_id) VALUES('207',2);
INSERT INTO CONSULTORIO(numero,piso_id) VALUES('208',2);
INSERT INTO CONSULTORIO(numero,piso_id) VALUES('209',2);
INSERT INTO CONSULTORIO(numero,piso_id) VALUES('210',2);
INSERT INTO CONSULTORIO(numero,piso_id) VALUES('211',2);
INSERT INTO CONSULTORIO(numero,piso_id) VALUES('1',3);
INSERT INTO CONSULTORIO(numero,piso_id) VALUES('3',3);
INSERT INTO CONSULTORIO(numero,piso_id) VALUES('4',3);
INSERT INTO CONSULTORIO(numero,piso_id) VALUES('5',3);
INSERT INTO CONSULTORIO(numero,piso_id) VALUES('6',3);
INSERT INTO CONSULTORIO(numero,piso_id) VALUES('7',3);
INSERT INTO CONSULTORIO(numero,piso_id) VALUES('8C',3);

/*ESPECIALIDAD*/
INSERT INTO ESPECIALIDAD(especialidad) VALUES('Alergología');
INSERT INTO ESPECIALIDAD(especialidad) VALUES('Anestesiología');
INSERT INTO ESPECIALIDAD(especialidad) VALUES('Audiología');
INSERT INTO ESPECIALIDAD(especialidad) VALUES('Cardiología');
INSERT INTO ESPECIALIDAD(especialidad) VALUES('Cirugía Bucal');
INSERT INTO ESPECIALIDAD(especialidad) VALUES('Cirugía de Mano');
INSERT INTO ESPECIALIDAD(especialidad) VALUES('Cirugía de Tórax');
INSERT INTO ESPECIALIDAD(especialidad) VALUES('Cirugía Infantil');
INSERT INTO ESPECIALIDAD(especialidad) VALUES('Cirugía Ortopédica');
INSERT INTO ESPECIALIDAD(especialidad) VALUES('Cirugía Plástica');
INSERT INTO ESPECIALIDAD(especialidad) VALUES('Cirugía de Columna');
INSERT INTO ESPECIALIDAD(especialidad) VALUES('Cirugía General');
INSERT INTO ESPECIALIDAD(especialidad) VALUES('Cirugía Oncológica');
INSERT INTO ESPECIALIDAD(especialidad) VALUES('Cirugía de Rodilla');
INSERT INTO ESPECIALIDAD(especialidad) VALUES('Cirugía Maxilofacial');
INSERT INTO ESPECIALIDAD(especialidad) VALUES('Dermatología');
INSERT INTO ESPECIALIDAD(especialidad) VALUES('Endocrinología');
INSERT INTO ESPECIALIDAD(especialidad) VALUES('Fisiatría');
INSERT INTO ESPECIALIDAD(especialidad) VALUES('Fisioterapia');
INSERT INTO ESPECIALIDAD(especialidad) VALUES('Foniatría');
INSERT INTO ESPECIALIDAD(especialidad) VALUES('Gastroenterología');
INSERT INTO ESPECIALIDAD(especialidad) VALUES('Ginecología y Obstetricia');
INSERT INTO ESPECIALIDAD(especialidad) VALUES('Inmunología');
INSERT INTO ESPECIALIDAD(especialidad) VALUES('Medicina Física y Rehabilitación');
INSERT INTO ESPECIALIDAD(especialidad) VALUES('Medicina Interna');
INSERT INTO ESPECIALIDAD(especialidad) VALUES('Nefrología');
INSERT INTO ESPECIALIDAD(especialidad) VALUES('Neumonología');
INSERT INTO ESPECIALIDAD(especialidad) VALUES('Neurocirugía');
INSERT INTO ESPECIALIDAD(especialidad) VALUES('Neurología');
INSERT INTO ESPECIALIDAD(especialidad) VALUES('Nutriología');
INSERT INTO ESPECIALIDAD(especialidad) VALUES('Nutricionista');
INSERT INTO ESPECIALIDAD(especialidad) VALUES('Odontopediatría');
INSERT INTO ESPECIALIDAD(especialidad) VALUES('Ortodoncia');
INSERT INTO ESPECIALIDAD(especialidad) VALUES('Ortopedia Maxilar');
INSERT INTO ESPECIALIDAD(especialidad) VALUES('Oftalmología');
INSERT INTO ESPECIALIDAD(especialidad) VALUES('Oncología');
INSERT INTO ESPECIALIDAD(especialidad) VALUES('Otorrinolaringología');
INSERT INTO ESPECIALIDAD(especialidad) VALUES('Pediatría');
INSERT INTO ESPECIALIDAD(especialidad) VALUES('Prótesis y Estética');
INSERT INTO ESPECIALIDAD(especialidad) VALUES('Psicología');
INSERT INTO ESPECIALIDAD(especialidad) VALUES('Psiquiatría');
INSERT INTO ESPECIALIDAD(especialidad) VALUES('Psicopedagogía');
INSERT INTO ESPECIALIDAD(especialidad) VALUES('Terapia');
INSERT INTO ESPECIALIDAD(especialidad) VALUES('Traumatología');
INSERT INTO ESPECIALIDAD(especialidad) VALUES('Urología');

/*DIA_ESPECIALIDAD*/
INSERT INTO DIA_ESPECIALIDAD(especialidad_id,dia_id) VALUES(1,1);
INSERT INTO DIA_ESPECIALIDAD(especialidad_id,dia_id) VALUES(4,1);
INSERT INTO DIA_ESPECIALIDAD(especialidad_id,dia_id) VALUES(4,2);
INSERT INTO DIA_ESPECIALIDAD(especialidad_id,dia_id) VALUES(4,3);
INSERT INTO DIA_ESPECIALIDAD(especialidad_id,dia_id) VALUES(4,4);
INSERT INTO DIA_ESPECIALIDAD(especialidad_id,dia_id) VALUES(4,5);
INSERT INTO DIA_ESPECIALIDAD(especialidad_id,dia_id) VALUES(5,4);
INSERT INTO DIA_ESPECIALIDAD(especialidad_id,dia_id) VALUES(6,4);
INSERT INTO DIA_ESPECIALIDAD(especialidad_id,dia_id) VALUES(6,5);
INSERT INTO DIA_ESPECIALIDAD(especialidad_id,dia_id) VALUES(7,4);
INSERT INTO DIA_ESPECIALIDAD(especialidad_id,dia_id) VALUES(8,1);
INSERT INTO DIA_ESPECIALIDAD(especialidad_id,dia_id) VALUES(8,3);
INSERT INTO DIA_ESPECIALIDAD(especialidad_id,dia_id) VALUES(8,4);
INSERT INTO DIA_ESPECIALIDAD(especialidad_id,dia_id) VALUES(9,1);
INSERT INTO DIA_ESPECIALIDAD(especialidad_id,dia_id) VALUES(9,2);
INSERT INTO DIA_ESPECIALIDAD(especialidad_id,dia_id) VALUES(9,3);
INSERT INTO DIA_ESPECIALIDAD(especialidad_id,dia_id) VALUES(9,4);
INSERT INTO DIA_ESPECIALIDAD(especialidad_id,dia_id) VALUES(9,5);
INSERT INTO DIA_ESPECIALIDAD(especialidad_id,dia_id) VALUES(10,4);
INSERT INTO DIA_ESPECIALIDAD(especialidad_id,dia_id) VALUES(11,1);
INSERT INTO DIA_ESPECIALIDAD(especialidad_id,dia_id) VALUES(11,3);
INSERT INTO DIA_ESPECIALIDAD(especialidad_id,dia_id) VALUES(11,4);
INSERT INTO DIA_ESPECIALIDAD(especialidad_id,dia_id) VALUES(11,5);
INSERT INTO DIA_ESPECIALIDAD(especialidad_id,dia_id) VALUES(12,2);
INSERT INTO DIA_ESPECIALIDAD(especialidad_id,dia_id) VALUES(13,2);
INSERT INTO DIA_ESPECIALIDAD(especialidad_id,dia_id) VALUES(14,2);
INSERT INTO DIA_ESPECIALIDAD(especialidad_id,dia_id) VALUES(14,4);
INSERT INTO DIA_ESPECIALIDAD(especialidad_id,,dia_id,e_secundaria) VALUES(14,5,'Artroscopia');
INSERT INTO DIA_ESPECIALIDAD(especialidad_id,dia_id) VALUES(15,5);
INSERT INTO DIA_ESPECIALIDAD(especialidad_id,dia_id) VALUES(16,5);

/*HORA*/
INSERT INTO HORA(desde,hasta,dia_id,medico_id) VALUES ('08:00','12:00',1,2);
INSERT INTO HORA(desde,hasta,dia_id,medico_id) VALUES ('01:00','05:00',1,11);
INSERT INTO HORA(desde,hasta,dia_id,medico_id) VALUES ('01:00','05:00',2,11);
INSERT INTO HORA(desde,hasta,dia_id,medico_id) VALUES ('01:00','05:00',4,11);
INSERT INTO HORA(desde,hasta,dia_id,medico_id) VALUES ('01:00','05:00',3,12);
INSERT INTO HORA(desde,hasta,dia_id,medico_id) VALUES ('08:00','12:00',2,12);
INSERT INTO HORA(desde,hasta,dia_id,medico_id) VALUES ('08:00','12:00',4,12);
INSERT INTO HORA(desde,hasta,dia_id,medico_id) VALUES ('08:00','12:00',5,12);
INSERT INTO HORA(desde,hasta,dia_id,medico_id) VALUES ('01:00','05:00',3,13);
INSERT INTO HORA(desde,hasta,dia_id,medico_id) VALUES ('08:00','12:00',1,14);
INSERT INTO HORA(desde,hasta,dia_id,medico_id) VALUES ('08:00','12:00',3,14);
INSERT INTO HORA(desde,hasta,dia_id,medico_id) VALUES ('08:00','12:00',4,15);
INSERT INTO HORA(desde,hasta,descripcion,dia_id,medico_id) VALUES ('08:00','12:00','niños',4,16);
INSERT INTO HORA(desde,hasta,descripcion,dia_id,medico_id) VALUES ('08:00','12:00','adultos',4,16);
INSERT INTO HORA(desde,hasta,descripcion,dia_id,medico_id) VALUES ('08:00','12:00','cada 15 dias',4,17);
INSERT INTO HORA(desde,hasta,dia_id,medico_id) VALUES ('08:00','12:00',1,20);
INSERT INTO HORA(desde,hasta,dia_id,medico_id) VALUES ('01:00','05:00',3,19);
INSERT INTO HORA(desde,hasta,dia_id,medico_id) VALUES ('08:00','12:00',4,21);
INSERT INTO HORA(desde,hasta,dia_id,medico_id) VALUES ('08:00','12:00',4,23);
INSERT INTO HORA(desde,hasta,dia_id,medico_id) VALUES ('01:00','05:00',2,23);
INSERT INTO HORA(desde,hasta,dia_id,medico_id) VALUES ('08:00','12:00',3,24);
INSERT INTO HORA(desde,hasta,dia_id,medico_id) VALUES ('08:00','12:00',1,27);
INSERT INTO HORA(desde,hasta,dia_id,medico_id) VALUES ('08:00','12:00',5,27);
INSERT INTO HORA(desde,hasta,dia_id,medico_id) VALUES ('08:00','12:00',2,28);
INSERT INTO HORA(desde,hasta,dia_id,medico_id) VALUES ('08:00','12:00',3,28);
INSERT INTO HORA(desde,hasta,dia_id,medico_id) VALUES ('08:00','12:00',2,30);
INSERT INTO HORA(desde,hasta,dia_id,medico_id) VALUES ('08:00','12:00',3,30);
INSERT INTO HORA(desde,hasta,dia_id,medico_id) VALUES ('01:00','05:00',3,30);
INSERT INTO HORA(desde,hasta,dia_id,medico_id) VALUES ('08:00','12:00',4,30);
INSERT INTO HORA(desde,hasta,dia_id,medico_id) VALUES ('08:00','01:00',1,32);
INSERT INTO HORA(desde,hasta,dia_id,medico_id) VALUES ('08:00','01:00',5,32);
INSERT INTO HORA(desde,hasta,dia_id,medico_id) VALUES ('08:00','12:00',4,33);
INSERT INTO HORA(desde,hasta,dia_id,medico_id) VALUES ('08:00','12:00',4,34);
INSERT INTO HORA(desde,hasta,dia_id,medico_id) VALUES ('08:00','12:00',4,35);
INSERT INTO HORA(desde,hasta,dia_id,medico_id) VALUES ('08:00','12:00',4,36);
INSERT INTO HORA(desde,hasta,dia_id,medico_id) VALUES ('08:00','12:00',1,25);
INSERT INTO HORA(desde,hasta,dia_id,medico_id) VALUES ('08:00','12:00',3,25);
INSERT INTO HORA(desde,hasta,dia_id,medico_id) VALUES ('08:00','12:00',4,25);
INSERT INTO HORA(desde,hasta,dia_id,medico_id) VALUES ('01:00','05:00',4,37);
INSERT INTO HORA(desde,hasta,dia_id,medico_id) VALUES ('08:00','12:00',3,38);
INSERT INTO HORA(desde,hasta,dia_id,medico_id) VALUES ('08:00','12:00',1,39);
INSERT INTO HORA(desde,hasta,dia_id,medico_id) VALUES ('08:00','12:00',3,39);
INSERT INTO HORA(desde,hasta,dia_id,medico_id) VALUES ('08:00','12:00',2,40);
INSERT INTO HORA(desde,hasta,dia_id,medico_id) VALUES ('08:00','12:00',3,41);
INSERT INTO HORA(desde,hasta,dia_id,medico_id) VALUES ('01:00','05:00',2,42);
INSERT INTO HORA(desde,hasta,dia_id,medico_id) VALUES ('08:00','12:00',2,22);
INSERT INTO HORA(desde,hasta,dia_id,medico_id) VALUES ('01:00','05:00',2,31);
INSERT INTO HORA(desde,hasta,dia_id,medico_id) VALUES ('01:00','05:00',4,31);
INSERT INTO HORA(desde,hasta,dia_id,medico_id) VALUES ('08:00','01:00',5,43);
INSERT INTO HORA(desde,hasta,dia_id,medico_id) VALUES ('08:00','01:00',1,44);

/*MEDICO_CONSULTORIO*/
INSERT INTO MEDICO_CONSULTORIO(medico_id,consultorio_id) VALUES(2,5);
INSERT INTO MEDICO_CONSULTORIO(medico_id,consultorio_id) VALUES(13,8);
INSERT INTO MEDICO_CONSULTORIO(medico_id,consultorio_id) VALUES(14,8);
INSERT INTO MEDICO_CONSULTORIO(medico_id,consultorio_id) VALUES(15,12);
INSERT INTO MEDICO_CONSULTORIO(medico_id,consultorio_id) VALUES(16,15);
INSERT INTO MEDICO_CONSULTORIO(medico_id,consultorio_id) VALUES(17,8);
INSERT INTO MEDICO_CONSULTORIO(medico_id,consultorio_id) VALUES(20,19);
INSERT INTO MEDICO_CONSULTORIO(medico_id,consultorio_id) VALUES(19,19);
INSERT INTO MEDICO_CONSULTORIO(medico_id,consultorio_id) VALUES(21,19);
INSERT INTO MEDICO_CONSULTORIO(medico_id,consultorio_id) VALUES(23,20);
INSERT INTO MEDICO_CONSULTORIO(medico_id,consultorio_id) VALUES(24,6);
INSERT INTO MEDICO_CONSULTORIO(medico_id,consultorio_id) VALUES(27,10);
INSERT INTO MEDICO_CONSULTORIO(medico_id,consultorio_id) VALUES(28,27);
INSERT INTO MEDICO_CONSULTORIO(medico_id,consultorio_id) VALUES(30,10);
INSERT INTO MEDICO_CONSULTORIO(medico_id,consultorio_id) VALUES(32,15);
INSERT INTO MEDICO_CONSULTORIO(medico_id,consultorio_id) VALUES(33,8);
INSERT INTO MEDICO_CONSULTORIO(medico_id,consultorio_id) VALUES(34,16);
INSERT INTO MEDICO_CONSULTORIO(medico_id,consultorio_id) VALUES(35,8);
INSERT INTO MEDICO_CONSULTORIO(medico_id,consultorio_id) VALUES(36,8);
INSERT INTO MEDICO_CONSULTORIO(medico_id,consultorio_id) VALUES(25,11);
INSERT INTO MEDICO_CONSULTORIO(medico_id,consultorio_id) VALUES(37,11);
INSERT INTO MEDICO_CONSULTORIO(medico_id,consultorio_id) VALUES(38,28);
INSERT INTO MEDICO_CONSULTORIO(medico_id,consultorio_id) VALUES(39,9);
INSERT INTO MEDICO_CONSULTORIO(medico_id,consultorio_id) VALUES(40,19);
INSERT INTO MEDICO_CONSULTORIO(medico_id,consultorio_id) VALUES(41,20);
INSERT INTO MEDICO_CONSULTORIO(medico_id,consultorio_id) VALUES(42,5);
INSERT INTO MEDICO_CONSULTORIO(medico_id,consultorio_id) VALUES(22,9);
INSERT INTO MEDICO_CONSULTORIO(medico_id,consultorio_id) VALUES(31,6);
INSERT INTO MEDICO_CONSULTORIO(medico_id,consultorio_id) VALUES(31,10);
INSERT INTO MEDICO_CONSULTORIO(medico_id,consultorio_id) VALUES(44,12);

/*DIA_CONSULTORIO*/
INSERT INTO DIA_CONSULTORIO(dia_id,consultorio_id) VALUES(1,5);
INSERT INTO DIA_CONSULTORIO(dia_id,consultorio_id) VALUES(1,8);
INSERT INTO DIA_CONSULTORIO(dia_id,consultorio_id) VALUES(3,8);
INSERT INTO DIA_CONSULTORIO(dia_id,consultorio_id) VALUES(4,8);
INSERT INTO DIA_CONSULTORIO(dia_id,consultorio_id) VALUES(4,12);
INSERT INTO DIA_CONSULTORIO(dia_id,consultorio_id) VALUES(1,15);
INSERT INTO DIA_CONSULTORIO(dia_id,consultorio_id) VALUES(4,15);
INSERT INTO DIA_CONSULTORIO(dia_id,consultorio_id) VALUES(5,15);
INSERT INTO DIA_CONSULTORIO(dia_id,consultorio_id) VALUES(1,19);
INSERT INTO DIA_CONSULTORIO(dia_id,consultorio_id) VALUES(3,19);
INSERT INTO DIA_CONSULTORIO(dia_id,consultorio_id) VALUES(4,19);
INSERT INTO DIA_CONSULTORIO(dia_id,consultorio_id) VALUES(1,10);
INSERT INTO DIA_CONSULTORIO(dia_id,consultorio_id) VALUES(5,10);
INSERT INTO DIA_CONSULTORIO(dia_id,consultorio_id) VALUES(2,27);
INSERT INTO DIA_CONSULTORIO(dia_id,consultorio_id) VALUES(3,27);
INSERT INTO DIA_CONSULTORIO(dia_id,consultorio_id) VALUES(2,10);
INSERT INTO DIA_CONSULTORIO(dia_id,consultorio_id) VALUES(3,10);
INSERT INTO DIA_CONSULTORIO(dia_id,consultorio_id) VALUES(4,10);
INSERT INTO DIA_CONSULTORIO(dia_id,consultorio_id) VALUES(4,16);
INSERT INTO DIA_CONSULTORIO(dia_id,consultorio_id) VALUES(1,11);
INSERT INTO DIA_CONSULTORIO(dia_id,consultorio_id) VALUES(3,11);
INSERT INTO DIA_CONSULTORIO(dia_id,consultorio_id) VALUES(4,11);
INSERT INTO DIA_CONSULTORIO(dia_id,consultorio_id) VALUES(5,11);
INSERT INTO DIA_CONSULTORIO(dia_id,consultorio_id) VALUES(3,28);
INSERT INTO DIA_CONSULTORIO(dia_id,consultorio_id) VALUES(1,9);
INSERT INTO DIA_CONSULTORIO(dia_id,consultorio_id) VALUES(3,9);
INSERT INTO DIA_CONSULTORIO(dia_id,consultorio_id) VALUES(2,19);
INSERT INTO DIA_CONSULTORIO(dia_id,consultorio_id) VALUES(3,20);
INSERT INTO DIA_CONSULTORIO(dia_id,consultorio_id) VALUES(2,5);
INSERT INTO DIA_CONSULTORIO(dia_id,consultorio_id) VALUES(2,9);
INSERT INTO DIA_CONSULTORIO(dia_id,consultorio_id) VALUES(2,6);
INSERT INTO DIA_CONSULTORIO(dia_id,consultorio_id) VALUES(4,6);
INSERT INTO DIA_CONSULTORIO(dia_id,consultorio_id) VALUES(1,12);


/*CARGO*/
INSERT INTO CARGO(medico_id,especialidad_id,cargo) VALUES(1,1,'DR');
INSERT INTO CARGO(medico_id,especialidad_id,cargo) VALUES(2,1,'DRA');
INSERT INTO CARGO(medico_id,especialidad_id,cargo) VALUES(3,2,'DRA');
INSERT INTO CARGO(medico_id,especialidad_id,cargo) VALUES(4,2,'DRA');
INSERT INTO CARGO(medico_id,especialidad_id,cargo) VALUES(5,2,'DRA');
INSERT INTO CARGO(medico_id,especialidad_id,cargo) VALUES(6,2,'DR');
INSERT INTO CARGO(medico_id,especialidad_id,cargo) VALUES(7,2,'DR');
INSERT INTO CARGO(medico_id,especialidad_id,cargo) VALUES(8,2,'DRA');
INSERT INTO CARGO(medico_id,especialidad_id,cargo) VALUES(9,2,'DR');
INSERT INTO CARGO(medico_id,especialidad_id,cargo) VALUES(10,3,'TEC');
INSERT INTO CARGO(medico_id,especialidad_id,cargo) VALUES(11,4,'DRA');
INSERT INTO CARGO(medico_id,especialidad_id,cargo) VALUES(12,4,'DR');
INSERT INTO CARGO(medico_id,especialidad_id,cargo) VALUES(13,4,'DRA');
INSERT INTO CARGO(medico_id,especialidad_id,cargo) VALUES(14,4,'DR');
INSERT INTO CARGO(medico_id,especialidad_id,cargo) VALUES(15,5,'DRA');
INSERT INTO CARGO(medico_id,especialidad_id,cargo) VALUES(16,6,'DR');
INSERT INTO CARGO(medico_id,especialidad_id,cargo) VALUES(17,7,'DR');
INSERT INTO CARGO(medico_id,especialidad_id,cargo) VALUES(18,8,'DR');
INSERT INTO CARGO(medico_id,especialidad_id,cargo) VALUES(19,8,'DRA');
INSERT INTO CARGO(medico_id,especialidad_id,cargo) VALUES(20,8,'DR');
INSERT INTO CARGO(medico_id,especialidad_id,cargo) VALUES(21,8,'DRA');
INSERT INTO CARGO(medico_id,especialidad_id,cargo) VALUES(22,9,'DRA');
INSERT INTO CARGO(medico_id,especialidad_id,cargo) VALUES(23,9,'DR');
INSERT INTO CARGO(medico_id,especialidad_id,cargo) VALUES(24,9,'DR');
INSERT INTO CARGO(medico_id,especialidad_id,cargo) VALUES(25,9,'DR');
INSERT INTO CARGO(medico_id,especialidad_id,cargo) VALUES(26,9,'DR');
INSERT INTO CARGO(medico_id,especialidad_id,cargo) VALUES(27,9,'DRA');
INSERT INTO CARGO(medico_id,especialidad_id,cargo) VALUES(28,9,'DR');
INSERT INTO CARGO(medico_id,especialidad_id,cargo) VALUES(29,9,'DR');
INSERT INTO CARGO(medico_id,especialidad_id,cargo) VALUES(30,9,'DR');
INSERT INTO CARGO(medico_id,especialidad_id,cargo) VALUES(31,9,'DR');
INSERT INTO CARGO(medico_id,especialidad_id,cargo) VALUES(32,9,'DR');
INSERT INTO CARGO(medico_id,especialidad_id,cargo) VALUES(33,10,'DRA');
INSERT INTO CARGO(medico_id,especialidad_id,cargo) VALUES(34,10,'DR');
INSERT INTO CARGO(medico_id,especialidad_id,cargo) VALUES(35,10,'DR');
INSERT INTO CARGO(medico_id,especialidad_id,cargo) VALUES(36,10,'DR');
INSERT INTO CARGO(medico_id,especialidad_id,cargo) VALUES(25,11,'DR');
INSERT INTO CARGO(medico_id,especialidad_id,cargo) VALUES(37,11,'DR');
INSERT INTO CARGO(medico_id,especialidad_id,cargo) VALUES(38,11,'DR');
INSERT INTO CARGO(medico_id,especialidad_id,cargo) VALUES(39,11,'DR');
INSERT INTO CARGO(medico_id,especialidad_id,cargo) VALUES(40,12,'DRA');
INSERT INTO CARGO(medico_id,especialidad_id,cargo) VALUES(41,13,'DRA');
INSERT INTO CARGO(medico_id,especialidad_id,cargo) VALUES(42,13,'DR');
INSERT INTO CARGO(medico_id,especialidad_id,cargo) VALUES(22,14,'DRA');
INSERT INTO CARGO(medico_id,especialidad_id,cargo) VALUES(31,14,'DR');
INSERT INTO CARGO(medico_id,especialidad_id,cargo) VALUES(43,14,'DR');
INSERT INTO CARGO(medico_id,especialidad_id,cargo) VALUES(44,15,'DRA');
INSERT INTO CARGO(medico_id,especialidad_id,cargo) VALUES(45,16,'DRA');
INSERT INTO CARGO(medico_id,especialidad_id,cargo) VALUES(46,16,'DRA');
INSERT INTO CARGO(medico_id,especialidad_id,cargo) VALUES(47,16,'DRA');
INSERT INTO CARGO(medico_id,especialidad_id,cargo) VALUES(48,17,'DRA');
INSERT INTO CARGO(medico_id,especialidad_id,cargo) VALUES(49,17,'DR');
INSERT INTO CARGO(medico_id,especialidad_id,cargo) VALUES(50,18,'DRA');
INSERT INTO CARGO(medico_id,especialidad_id,cargo) VALUES(53,18,'DRA');
INSERT INTO CARGO(medico_id,especialidad_id,cargo) VALUES(57,18,'DRA');
INSERT INTO CARGO(medico_id,especialidad_id,cargo) VALUES(51,19,'LIC');
INSERT INTO CARGO(medico_id,especialidad_id,cargo) VALUES(52,19,'LIC');
INSERT INTO CARGO(medico_id,especialidad_id,cargo) VALUES(54,19,'LIC');
INSERT INTO CARGO(medico_id,especialidad_id,cargo) VALUES(55,19,'LIC');
INSERT INTO CARGO(medico_id,especialidad_id,cargo) VALUES(56,19,'LIC');
INSERT INTO CARGO(medico_id,especialidad_id,cargo) VALUES(58,20,'DRA');
INSERT INTO CARGO(medico_id,especialidad_id,cargo) VALUES(59,21,'DRA');
INSERT INTO CARGO(medico_id,especialidad_id,cargo) VALUES(60,21,'DRA');
INSERT INTO CARGO(medico_id,especialidad_id,cargo) VALUES(61,21,'DRA');
INSERT INTO CARGO(medico_id,especialidad_id,cargo) VALUES(62,21,'DRA');
INSERT INTO CARGO(medico_id,especialidad_id,cargo) VALUES(63,22,'DRA');
INSERT INTO CARGO(medico_id,especialidad_id,cargo) VALUES(64,22,'DRA');
INSERT INTO CARGO(medico_id,especialidad_id,cargo) VALUES(65,22,'DRA');
INSERT INTO CARGO(medico_id,especialidad_id,cargo) VALUES(2,23,'DRA');
INSERT INTO CARGO(medico_id,especialidad_id,cargo) VALUES(66,24,'DRA');
INSERT INTO CARGO(medico_id,especialidad_id,cargo) VALUES(50,24,'DRA');
INSERT INTO CARGO(medico_id,especialidad_id,cargo) VALUES(57,24,'DRA');
INSERT INTO CARGO(medico_id,especialidad_id,cargo) VALUES(53,24,'DRA');
INSERT INTO CARGO(medico_id,especialidad_id,cargo) VALUES(67,25,'DR');
INSERT INTO CARGO(medico_id,especialidad_id,cargo) VALUES(68,25,'DRA');
INSERT INTO CARGO(medico_id,especialidad_id,cargo) VALUES(69,25,'DR');
INSERT INTO CARGO(medico_id,especialidad_id,cargo) VALUES(70,25,'DRA');
INSERT INTO CARGO(medico_id,especialidad_id,cargo) VALUES(71,25,'DR');
INSERT INTO CARGO(medico_id,especialidad_id,cargo) VALUES(72,26,'DRA');
INSERT INTO CARGO(medico_id,especialidad_id,cargo) VALUES(73,26,'DRA');
INSERT INTO CARGO(medico_id,especialidad_id,cargo) VALUES(74,27,'DRA');
INSERT INTO CARGO(medico_id,especialidad_id,cargo) VALUES(74,27,'DRA');
INSERT INTO CARGO(medico_id,especialidad_id,cargo) VALUES(75,27,'DRA');
INSERT INTO CARGO(medico_id,especialidad_id,cargo) VALUES(76,27,'DRA');
INSERT INTO CARGO(medico_id,especialidad_id,cargo) VALUES(77,27,'DR');
INSERT INTO CARGO(medico_id,especialidad_id,cargo) VALUES(78,28,'DR');
INSERT INTO CARGO(medico_id,especialidad_id,cargo) VALUES(80,28,'DR');
INSERT INTO CARGO(medico_id,especialidad_id,cargo) VALUES(83,28,'DR');
INSERT INTO CARGO(medico_id,especialidad_id,cargo) VALUES(85,28,'DR');
INSERT INTO CARGO(medico_id,especialidad_id,cargo) VALUES(79,29,'DR');
INSERT INTO CARGO(medico_id,especialidad_id,cargo) VALUES(81,29,'DR');
INSERT INTO CARGO(medico_id,especialidad_id,cargo) VALUES(82,29,'DRA');
INSERT INTO CARGO(medico_id,especialidad_id,cargo) VALUES(84,29,'DR');
INSERT INTO CARGO(medico_id,especialidad_id,cargo) VALUES(86,30,'DRA');
INSERT INTO CARGO(medico_id,especialidad_id,cargo) VALUES(87,31,'LIC');
INSERT INTO CARGO(medico_id,especialidad_id,cargo) VALUES(88,32,'DRA');
INSERT INTO CARGO(medico_id,especialidad_id,cargo) VALUES(89,32,'DRA');
INSERT INTO CARGO(medico_id,especialidad_id,cargo) VALUES(90,32,'DRA');
INSERT INTO CARGO(medico_id,especialidad_id,cargo) VALUES(91,32,'DR');
INSERT INTO CARGO(medico_id,especialidad_id,cargo) VALUES(92,33,'DRA');
INSERT INTO CARGO(medico_id,especialidad_id,cargo) VALUES(93,33,'DRA');
INSERT INTO CARGO(medico_id,especialidad_id,cargo) VALUES(94,33,'DR');
INSERT INTO CARGO(medico_id,especialidad_id,cargo) VALUES(95,34,'DRA');
INSERT INTO CARGO(medico_id,especialidad_id,cargo) VALUES(96,35,'DR');
INSERT INTO CARGO(medico_id,especialidad_id,cargo) VALUES(97,35,'DRA');
INSERT INTO CARGO(medico_id,especialidad_id,cargo) VALUES(98,36,'DR');
INSERT INTO CARGO(medico_id,especialidad_id,cargo) VALUES(99,37,'DRA');
INSERT INTO CARGO(medico_id,especialidad_id,cargo) VALUES(100,37,'DRA');
INSERT INTO CARGO(medico_id,especialidad_id,cargo) VALUES(101,37,'DRA');
INSERT INTO CARGO(medico_id,especialidad_id,cargo) VALUES(102,37,'DRA');
INSERT INTO CARGO(medico_id,especialidad_id,cargo) VALUES(103,37,'DRA');
INSERT INTO CARGO(medico_id,especialidad_id,cargo) VALUES(104,37,'DR');
INSERT INTO CARGO(medico_id,especialidad_id,cargo) VALUES(105,37,'DRA');
INSERT INTO CARGO(medico_id,especialidad_id,cargo) VALUES(106,38,'DRA');
INSERT INTO CARGO(medico_id,especialidad_id,cargo) VALUES(107,38,'DRA');
INSERT INTO CARGO(medico_id,especialidad_id,cargo) VALUES(86,38,'DRA');
INSERT INTO CARGO(medico_id,especialidad_id,cargo) VALUES(108,38,'DR');
INSERT INTO CARGO(medico_id,especialidad_id,cargo) VALUES(109,39,'DRA');
INSERT INTO CARGO(medico_id,especialidad_id,cargo) VALUES(110,39,'DRA');
INSERT INTO CARGO(medico_id,especialidad_id,cargo) VALUES(111,40,'LIC');
INSERT INTO CARGO(medico_id,especialidad_id,cargo) VALUES(112,40,'LIC');
INSERT INTO CARGO(medico_id,especialidad_id,cargo) VALUES(113,40,'LIC');
INSERT INTO CARGO(medico_id,especialidad_id,cargo) VALUES(114,40,'DRA');
INSERT INTO CARGO(medico_id,especialidad_id,cargo) VALUES(115,41,'DRA');
INSERT INTO CARGO(medico_id,especialidad_id,cargo) VALUES(116,41,'DR');
INSERT INTO CARGO(medico_id,especialidad_id,cargo) VALUES(117,42,'TEC');
INSERT INTO CARGO(medico_id,especialidad_id,cargo) VALUES(118,42,'LIC');
INSERT INTO CARGO(medico_id,especialidad_id,cargo) VALUES(119,43,'TEC');
INSERT INTO CARGO(medico_id,especialidad_id,cargo) VALUES(120,43,'TEC');
INSERT INTO CARGO(medico_id,especialidad_id,cargo) VALUES(121,43,'DRA');
INSERT INTO CARGO(medico_id,especialidad_id,cargo) VALUES(122,43,'LIC');
INSERT INTO CARGO(medico_id,especialidad_id,cargo) VALUES(123,43,'TEC');
INSERT INTO CARGO(medico_id,especialidad_id,cargo) VALUES(43,44,'DR');
INSERT INTO CARGO(medico_id,especialidad_id,cargo) VALUES(124,45,'DR');
INSERT INTO CARGO(medico_id,especialidad_id,cargo) VALUES(125,45,'DR');
INSERT INTO CARGO(medico_id,especialidad_id,cargo) VALUES(126,45,'DRA');
INSERT INTO CARGO(medico_id,especialidad_id,cargo) VALUES(127,45,'DR');


































